{
    "loadedObject": [
        {
            "prefabConfig": {
                "instanceID": -532594
            },
            "position": {
                "x": 1.4981588125228882,
                "y": 0.028162837028503419,
                "z": 0.37005341053009035
            },
            "rotation": {
                "x": 0.0,
                "y": -0.8650546669960022,
                "z": 0.0,
                "w": 0.5016776919364929
            }
        }
    ]
}